"Date","Description","Original Description","Amount","Transaction Type","Category","Account Name","Labels","Notes"
"10/06/2019","La Parisiene","LA PARISIENNE","22.19","debit","Restaurants","Green Card","",""
"10/06/2019","Amazon","AMAZON MARKETPLACE","15.23","debit","Shopping","Green Card","",""
"10/05/2019","CITIZENS OF BLEECKER","CITIZENS OF BLEECKER","25.19","debit","Alcohol & Bars","Green Card","",""
"10/05/2019","CVS","CVS PHARMACY","6.47","debit","Pharmacy","Green Card","",""
"10/04/2019","RESTAURANT","RESTAURANT","25.04","debit","Restaurants","Green Card","",""
"10/03/2019","SHIPT","SHIPT","99.00","debit","Groceries","Green Card","",""
"10/05/2019","CAFE D'AVIGNON UPSTAIRS AT DEKALB MARK - Brooklyn, NY","CAFE D'AVIGNON UPSTAIRS AT DEKALB MARK - Brooklyn, NY","12.39","debit","Alcohol & Bars","Green Card","",""
"10/05/2019","Brooklyn Roasting Company Powerplant LLC","BROOKLYN ROASTING COMPANY - Brooklyn, NY","10.89","debit","Fast Food","Green Card","",""
"10/05/2019","TWO TABLESPOONS LLC AT DEKALB MARKET H - Brooklyn, NY","TWO TABLESPOONS LLC AT DEKALB MARKET H - Brooklyn, NY","15.24","debit","Groceries","Green Card","",""
"10/05/2019","Joe Coffee","TST* JOE COFFEE - WTC 300515559 - NEW YORK, NY","5.85","debit","Coffee Shops","Green Card","",""
"10/05/2019","TST* NAYA MEZZE & GRILL 300501878 - NEW YORK, NY","TST* NAYA MEZZE & GRILL 300501878 - NEW YORK, NY","24.68","debit","Restaurants","Green Card","",""
"10/05/2019","SHACKCOLLECIVE @DEKALBMARKETHALL - Brooklyn, NY","SHACKCOLLECIVE @DEKALBMARKETHALL - Brooklyn, NY","9.25","debit","Groceries","Green Card","",""
"10/04/2019","IDENTOGO - TSA PRECHECK - BILLERICA, MA","IDENTOGO - TSA PRECHECK - BILLERICA, MA","85.00","debit","Air Travel","Green Card","",""
"10/04/2019","Amazon web services","Amazon web services","0.80","debit","Electronics & Software","CapitalOne Quicksilver One","",""
"10/04/2019","Netflix","NETFLIX.COM","15.99","debit","Movies & DVDs","CapitalOne Quicksilver One","",""
"10/04/2019","LinkedIn","LINKEDIN-489*5013103","238.72","debit","Business Services","CapitalOne Quicksilver One","",""
"10/04/2019","Joe Coffee","TST* JOE COFFEE - WTC 300515559 - NEW YORK, NY","6.90","debit","Coffee Shops","Green Card","",""
"10/04/2019","Coursera","COURSRA862MA0P0VTDEZJ - MOUNTAIN VI, CA","39.00","debit","Tuition","Green Card","",""
"10/03/2019","Joe Coffee","TST* JOE COFFEE - WTC 300515559 - NEW YORK, NY","6.10","debit","Coffee Shops","Green Card","",""
"10/03/2019","EVERSOURCE","EVERSOURCE","33.02","debit","Utilities","CapitalOne 360 Checking","",""
"10/03/2019","One North of Bos","One North of Bos","982.37","debit","Mortgage & Rent","CapitalOne 360 Checking","",""
"10/03/2019","EVERSOURCE","EVERSOURCE","33.02","debit","Utilities","CapitalOne 360 Checking","",""
"10/02/2019","GSUITE_ponti.i","GOOGLE *GSUITE_ponti.i","19.13","debit","Electronics & Software","CapitalOne Quicksilver One","",""
"10/02/2019","AES","AES","1000.00","debit","Student Loan","CapitalOne 360 Checking","",""
"10/01/2019","U-Haul","UHAUL RENTAL/PURCHASE 36713 3 - EVERETT, MA","15.31","debit","Home Services","Green Card","",""
"9/30/2019","METROCARD MACHINE - NEW YORK, NY","METROCARD MACHINE - NEW YORK, NY","34.00","debit","Alcohol & Bars","Green Card","",""
"9/30/2019","Monthly Interest Paid","Monthly Interest Paid","1.92","credit","Interest Income","CapitalOne 360 Checking","",""
"9/30/2019","Monthly Interest Paid","Monthly Interest Paid","31.10","credit","Interest Income","CapitalOne 360 Money Market","",""
"9/30/2019","American Express","AMEX EPAYMENT","2527.27","debit","Credit Card Payment","CapitalOne 360 Checking","",""
"9/30/2019","Kensho Technolog","KENSHO TECHNOLOG","5228.04","credit","Income","CapitalOne 360 Checking","",""
"9/30/2019","Kensho Technolog","KENSHO TECHNOLOG","50.00","credit","Income","CapitalOne 360 Checking","",""
"9/30/2019","APPLECARD GSBANK","APPLECARD GSBANK","720.56","debit","Restaurants","CapitalOne 360 Checking","",""
"9/28/2019","Amazon","AMZN MKTP US*LM0T830V3 - AMZN.COM/BILL, WA","190.19","debit","Shopping","Green Card","",""
"9/28/2019","Amazon","AMAZON SHOP WITH POINTS CREDIT","190.06","credit","Shopping","Green Card","",""
"9/28/2019","Fresh Market","NYC FRESH MARKET 000000000981630 - BROOKLYN, NY","13.16","debit","Groceries","Green Card","",""
"9/28/2019","Amazon","AMZN MKTP US*U401B91M3 - AMZN.COM/BILL, WA","12.68","debit","Shopping","Green Card","",""
"9/28/2019","Microsoft XBox Live","MICROSOFT*XBOX - REDMOND","10.61","debit","Amusement","Green Card","",""
"9/28/2019","Amazon","PRIMENOWTIPS*XT3RH8ZI3 - AMZN.COM/BILL, WA","5.00","debit","Shopping","Green Card","",""
"9/28/2019","THE ELK - New York, NY","THE ELK - New York, NY","7.19","debit","Coffee Shops","Green Card","",""
"9/28/2019","Amazon","AMAZON MKTPLACE PMTS - SEATTLE, WA","190.06","debit","Shopping","Green Card","",""
"9/28/2019","- THANK YOU","ONLINE PAYMENT - THANK YOU","2527.27","credit","Credit Card Payment","Green Card","",""
"9/27/2019","Amazon","PRIME NOW*5X20V9AW3 - AMZN.COM/BILL, WA","40.71","debit","Shopping","Green Card","",""
"9/27/2019","HMD* THE NEW YORKER - 800-825-2510, DE","HMD* THE NEW YORKER - 800-825-2510, DE","6.00","debit","Newspapers & Magazines","Green Card","",""
"9/26/2019","HMD* WIRED - 800-769-4733, DE","HMD* WIRED - 800-769-4733, DE","5.00","debit","Newspapers & Magazines","Green Card","",""
"9/26/2019","HMD* GQ - 800-289-9330, DE","HMD* GQ - 800-289-9330, DE","15.00","debit","Newspapers & Magazines","Green Card","",""
"9/25/2019","HOLD FAST 000000001 - NEW YORK, NY","HOLD FAST 000000001 - NEW YORK, NY","12.00","debit","Music","Green Card","",""
"9/25/2019","SOHO FINEST MARKET - NEW YORK, NY","SOHO FINEST MARKET - NEW YORK, NY","17.45","debit","Groceries","Green Card","",""
"9/25/2019","METROCARD MACHINE - NEW YORK, NY","METROCARD MACHINE - NEW YORK, NY","20.00","debit","Alcohol & Bars","Green Card","",""
"9/25/2019","HOLD FAST 000000001 - NEW YORK, NY","HOLD FAST 000000001 - NEW YORK, NY","20.00","debit","Music","Green Card","",""
"9/24/2019","NORTHERN TIGER 0043 - NEW YORK, NY","NORTHERN TIGER 0043 - NEW YORK, NY","13.94","debit","Alcohol & Bars","Green Card","",""
"9/23/2019","UBERUS_SUBS - SAN FRANCISCO","UBERUS_SUBS - SAN FRANCISCO","24.99","debit","Rental Car & Taxi","Green Card","",""
"9/23/2019","U-Haul","U-HAUL 618092 - PHOENIX, AZ","185.95","debit","Home Services","Green Card","",""
"9/23/2019","U-Haul","UHAUL RENTAL/PURCHASE 36713 2 - EVERETT, MA","21.25","credit","Home Services","Green Card","",""
"9/23/2019","Gulf","GULF SERVICE STATION - (800)774-4853, MA","22.75","debit","Gas & Fuel","Green Card","",""
"9/23/2019","U-Haul","UHAUL RENTAL/PURCHASE 80259 2 - BROOKLYN, NY","30.49","debit","Home Services","Green Card","",""
"9/23/2019","Gulf","GULF SERVICE STATION - (800)774-4853, MA","50.10","debit","Gas & Fuel","Green Card","",""
"9/23/2019","Fresh Market","NYC FRESH MARKET 000000000981630 - BROOKLYN, NY","56.71","debit","Groceries","Green Card","",""
"9/23/2019","Capital One","CAPITAL ONE","137.01","debit","Financial","CapitalOne 360 Checking","",""
"9/23/2019","CAPITAL ONE MOBILE payment AuthDate 22-Sep","CAPITAL ONE MOBILE PYMT AuthDate 22-S ep","137.01","credit","Credit Card Payment","CapitalOne Platinum","",""
"9/23/2019","Adobe Photography Plan","ADOBE *PHOTOGPHY PLAN","10.61","debit","Electronics & Software","CapitalOne Quicksilver One","",""
"9/23/2019","Google","GOOGLE *GOOGLE FI - G.CO/HELPPAY#, CA","26.76","debit","Advertising","Green Card","",""
"9/22/2019","TST* TATTE BAKERY BEACON 000000999 - BROOKLINE, MA","TST* TATTE BAKERY BEACON 000000999 - BROOKLINE, MA","5.35","debit","Restaurants","Green Card","",""
"9/21/2019","1023 CAFFE NERO FENWAY 00-08032207386 - BOSTON, MA","1023 CAFFE NERO FENWAY 00-08032207386 - BOSTON, MA","4.65","debit","Restaurants","Green Card","",""
"9/21/2019","Coolidge Corner Cafe","COOLIDGE CORNER THEATRE I 930553570301 - BROOKLINE, MA","32.00","debit","Fast Food","Green Card","",""
"9/21/2019","REI","REI #80 BOSTON - BOSTON, MA","39.20","debit","Sporting Goods","Green Card","",""
"9/21/2019","LIFE ALIVE CAFE (BROOKLIN 930572000052 - BROOKLINE, MA","LIFE ALIVE CAFE (BROOKLIN 930572000052 - BROOKLINE, MA","16.62","debit","Restaurants","Green Card","",""
"9/21/2019","CASH ADVANCE FEE","CASH ADVANCE FEE","10.17","debit","Service Fee","Green Card","",""
"9/21/2019","1 Harvard Street - Brookline MA","1 Harvard Street - Brookline MA","203.50","debit","Parking","Green Card","",""
"9/21/2019","Martins Coffee Shop","MARTIN'S COFFEE SHOP - Brookline, MA","18.11","debit","Fast Food","Green Card","",""
"9/20/2019","iPhone CitizenOne Loan - BRIDGEPORT, CT","iPhone CitizenOne Loan - BRIDGEPORT, CT","39.49","debit","Mobile Phone","Green Card","",""
"9/20/2019","SWEEETGREEN HARVARD - CAMBRIDGE, MA","SWEEETGREEN HARVARD - CAMBRIDGE, MA","12.52","debit","Restaurants","Green Card","",""
"9/20/2019","GglPay USA*THE HUB VENDING LLC - EVERETT, MA","GglPay USA*THE HUB VENDING LLC - EVERETT, MA","1.50","debit","Restaurants","Green Card","",""
"9/20/2019","Raven Used Book Shop","RAVEN USED BOOKS 000000001 - CAMBRIDGE, MA","16.84","debit","Books","Green Card","",""
"9/20/2019","Pavement Coffeehouse","PAVEMENT COFFEEHOUSE - Cambridge, MA","3.21","debit","Fast Food","Green Card","",""
"9/20/2019","Amazon Kindle","KINDLE UNLTD*Y04Z25WU3 - 866-321-8851, WA","9.99","debit","Books","Green Card","",""
"9/19/2019","LinkedIn","LINKEDIN-486*7456633","31.86","debit","Business Services","CapitalOne Quicksilver One","",""
"9/18/2019","Veggie Galaxy LLC","Veggie Galaxy - Cambridge, MA","17.32","debit","Restaurants","Green Card","",""
"9/18/2019","Comcast","COMCAST 8773100","115.45","debit","Television","CapitalOne 360 Checking","",""
"9/17/2019","TST* TATTE BAKERY BEACON 000000999 - BROOKLINE, MA","TST* TATTE BAKERY BEACON 000000999 - BROOKLINE, MA","5.89","debit","Restaurants","Green Card","",""
"9/17/2019","TST* TATTE BAKERY BEACON 000000999 - BROOKLINE, MA","TST* TATTE BAKERY BEACON 000000999 - BROOKLINE, MA","7.43","debit","Restaurants","Green Card","",""
"9/16/2019","U-Haul","UHAUL RENTAL/PURCHASE 83708 2 - SOMERVILLE, MA","342.01","debit","Home Services","Green Card","",""
"9/16/2019","Land Marks","LANDMARK NEWS AND CONVENI 00-080350857 - BOSTON, MA","15.66","debit","Business Services","Green Card","",""
"9/16/2019","Economy Hardware Inc.","ECONOMY HARDWARE & HOME - BROOKLINE, MA","66.87","debit","Home Improvement","Green Card","",""
"9/16/2019","U-Haul","U-HAUL 618092 - PHOENIX, AZ","365.95","debit","Home Services","Green Card","",""
"9/16/2019","Microsoft","Microsoft*Store","9.99","debit","Electronics & Software","CapitalOne Quicksilver One","",""
"9/15/2019","7-Eleven","7-ELEVEN 32476 00073247601 - BOSTON, MA","17.25","debit","Fast Food","Green Card","",""
"9/15/2019","Union 76","UNION 650000008108378 - ALLSTON, MA","20.07","debit","Gas & Fuel","Green Card","",""
"9/15/2019","Starbucks","STARBUCKS STORE 2225 - BOSTON, MA","5.83","debit","Coffee Shops","Green Card","",""
"9/15/2019","Knight Moves Cafe Inc.","KNIGHT MOVES CAFE - Brookline, MA","7.01","debit","Restaurants","Green Card","",""
"9/14/2019","BAY STATE FOOD & LIQUOR 000000001 - BROOKLINE, MA","BAY STATE FOOD & LIQUOR 000000001 - BROOKLINE, MA","14.28","debit","Alcohol & Bars","Green Card","",""
"9/14/2019","SONSIE 000000000000000 - BOSTON, MA","SONSIE 000000000000000 - BOSTON, MA","29.07","debit","Restaurants","Green Card","",""
"9/14/2019","ALLIUM MARKET LLC - BROOKLINE, MA","ALLIUM MARKET LLC - BROOKLINE, MA","14.65","debit","Groceries","Green Card","",""
"9/14/2019","Knight Moves Cafe Inc.","KNIGHT MOVES CAFE - Brookline, MA","15.00","debit","Restaurants","Green Card","",""
"9/13/2019","Apple","APPLE ONLINE STORE - CUPERTINO, CA","78.06","debit","Electronics & Software","Green Card","",""
"9/13/2019","Microsoft","Microsoft*Ultimate 1 M","15.93","debit","Electronics & Software","CapitalOne Quicksilver One","",""
"9/13/2019","CVS","CVS/PHARMACY #10174 000010174 - BOSTON, MA","5.98","debit","Pharmacy","Green Card","",""
"9/13/2019","CVS","CVS PHARMACY - NEW YORK, NY","10.75","debit","Pharmacy","Green Card","",""
"9/13/2019","Kensho Technolog","KENSHO TECHNOLOG","19896.74","credit","Income","CapitalOne 360 Checking","",""
"9/13/2019","Capital One","Capital One 360","15000.00","debit","Transfer","CapitalOne 360 Checking","",""
"9/13/2019","Capital One 360","Capital One 360","15000.00","credit","Credit Card Payment","CapitalOne 360 Money Market","",""
"9/12/2019","Jubilee","JUBILEE MARKET PLACE 0000 - NEW YORK, NY","30.89","debit","Groceries","Green Card","",""
"9/12/2019","Zara","ZARA USA 3904 3904 - NEW YORK, NY","32.32","debit","Clothing","Green Card","",""
"9/12/2019","YouTubePremium","GOOGLE *YouTubePremium","11.99","debit","Entertainment","CapitalOne Quicksilver One","",""
"9/11/2019","T-Mobile","T-MOBILE - NEW YORK, NY","30.89","debit","Mobile Phone","Green Card","",""
"9/11/2019","RENTERS/CONDO INS - 800-370-1990, FL","RENTERS/CONDO INS - 800-370-1990, FL","94.00","debit","Home Insurance","Green Card","",""
"9/11/2019","Stumptown Coffee Roasters","STUMPTOWN COFFEE ROASTERS - New York, NY","6.99","debit","Coffee Shops","Green Card","",""
"9/10/2019","SOHO FINEST MARKET - NEW YORK, NY","SOHO FINEST MARKET - NEW YORK, NY","15.95","debit","Groceries","Green Card","",""
"9/10/2019","Gristedes","GRISTEDES - NEW YORK, NY","9.83","debit","Groceries","Green Card","",""
"9/10/2019","Ground Support","GROUND SUPPORT - NEW YORK, NY","7.25","debit","Restaurants","Green Card","",""
"9/10/2019","Venmo","VENMO","857.06","debit","Transfer","CapitalOne 360 Checking","",""
"9/10/2019","Petal","PETAL CARD INC","216.61","debit","Credit Card Payment","CapitalOne 360 Checking","",""
"9/09/2019","Gristedes","GRISTEDES - NEW YORK, NY","5.58","debit","Groceries","Green Card","",""
"9/09/2019","METROCARD MACHINE - NEW YORK, NY","METROCARD MACHINE - NEW YORK, NY","22.00","debit","Public Transportation","Green Card","",""
"9/09/2019","Amazon","AMAZON.COM*Q35ID4S43 - AMZN.COM/BILL, WA","14.99","debit","Shopping","Green Card","",""
"9/09/2019","DataCamp","BT*DATACAMP INC. - NEW YORK, NY","29.00","debit","Education","Green Card","",""
"9/09/2019","Google Play","GOOGLE*PLAY GOOGLE PAYMENT - G.CO HELPPAY#","0.99","debit","Entertainment","Green Card","",""
"9/09/2019","Fellow Barber","FELLOW BARBER NOMAD 0000 - NEW YORK, NY","52.25","debit","Hair","Green Card","",""
"9/09/2019","CAPITAL ONE ONLINE payment AuthDate 08-Sep","CAPITAL ONE ONLINE PYMT AuthDate 08-S ep","116.07","credit","Credit Card Payment","CapitalOne Quicksilver One","",""
"9/09/2019","CAPITAL ONE ONLINE payment AuthDate 08-Sep","CAPITAL ONE ONLINE PYMT AuthDate 08-S ep","219.73","credit","Credit Card Payment","CapitalOne Platinum","",""
"9/09/2019","Avalon Fort Greene","NY026 - FORT GREENE","150.00","debit","Mortgage & Rent","CapitalOne Platinum","",""
"9/09/2019","Amazon","Amazon Prime","12.99","credit","Shopping","CapitalOne Platinum","",""
"9/09/2019","Capital One","CAPITAL ONE","219.73","debit","Transfer","CapitalOne 360 Checking","",""
"9/09/2019","Cash Withdrawal ATM","Cash Withdrawal at Branch","360.00","debit","Mortgage & Rent","CapitalOne 360 Checking","",""
"9/09/2019","American Express","AMEX EPAYMENT","2277.24","debit","Credit Card Payment","CapitalOne 360 Checking","",""
"9/09/2019","Cash Withdrawal ATM","Cash Withdrawal at Branch","2600.67","debit","Mortgage & Rent","CapitalOne 360 Checking","",""
"9/09/2019","Capital One","CAPITAL ONE","116.07","debit","Transfer","CapitalOne 360 Checking","",""
"9/08/2019","Hertz","HERTZ TOLL CHARGE-ATS American Traffi - MESA, AZ","2.00","debit","Rental Car & Taxi","Green Card","",""
"9/08/2019","- THANK YOU","ONLINE PAYMENT - THANK YOU","2277.24","credit","Credit Card Payment","Green Card","",""
"9/08/2019","LIFE ALIVE CAFE - BROOKLINE, MA","LIFE ALIVE CAFE (BROOKLIN 930572000052 - BROOKLINE, MA","19.43","debit","Restaurants","Green Card","",""
"9/08/2019","Amazon","Amazon Prime - Amazon.com, WA","119.00","debit","Shopping","Green Card","",""
"9/08/2019","Draft Kings","DRAFTKINGS 6175007995 000000001 - BOSTON, MA","25.00","debit","Entertainment","Green Card","",""
"9/08/2019","Amazon","AMAZON.COM*QC08U5JD3 - AMZN.COM/BILL, WA","31.79","debit","Shopping","Green Card","",""
"9/07/2019","SWEETGREEN FENWAY - BOSTON, MA","SWEETGREEN FENWAY - BOSTON, MA","10.97","debit","Restaurants","Green Card","",""
"9/07/2019","Baseball Tavern Inc.","THE BASEBALL TAVERN 000000000000000 - BOSTON, MA","18.00","debit","Alcohol & Bars","Green Card","",""
"9/07/2019","Nordstrom","NORDSTROM - BOSTON, MA","29.97","debit","Clothing","Green Card","",""
"9/07/2019","Spotify","Spotify USA","9.99","debit","Music","CapitalOne Quicksilver One","",""
"9/07/2019","Peet's Coffee","PEET'S #31305","2.89","debit","Coffee Shops","CapitalOne Platinum","",""
"9/06/2019","CVS","CVS/PHARMACY #00240 000000240 - CAMBRIDGE, MA","23.74","debit","Pharmacy","Green Card","",""
"9/06/2019","CVS","CVS/PHARMACY #00240 000000240 - CAMBRIDGE, MA","7.60","debit","Pharmacy","Green Card","",""
"9/06/2019","Boston Common Podiatry Inc.","BOSTON COMMON PODIATRY 00-08030024312 - BOSTON, MA","30.00","debit","Doctor","Green Card","",""
"9/05/2019","Amazon","AMZN MKTP US*MO44B2H50 - AMZN.COM/BILL, WA","38.49","debit","Shopping","Green Card","",""
"9/05/2019","Whole Foods","WHOLEFDS CRP 10158 000010158 - BOSTON, MA","37.31","debit","Groceries","Green Card","",""
"9/04/2019","7-Eleven","7-ELEVEN 37369 00073736901 - BOSTON, MA","15.41","debit","Fast Food","Green Card","",""
"9/04/2019","Amazon web services","Amazon web services","1.40","debit","Electronics & Software","CapitalOne Quicksilver One","",""
"9/04/2019","Netflix","NETFLIX.COM","15.99","debit","Entertainment","CapitalOne Quicksilver One","",""
"9/04/2019","One North of Bos","One North of Bos","2401.28","debit","Mortgage & Rent","CapitalOne 360 Checking","",""
"9/03/2019","FLOUR BAKERY - CAMBRIDGE, MA","TST* FLOUR BAKERY + CAFE 274241061 - CAMBRIDGE, MA","3.47","debit","Coffee Shops","Green Card","",""
"9/03/2019","Amazon","Amazon.com*MO5TY1DW1","26.50","debit","Shopping","CapitalOne Platinum","",""
"9/03/2019","EVERSOURCE","EVERSOURCE","31.92","debit","Utilities","CapitalOne 360 Checking","",""
"9/03/2019","Capital One 360","Capital One 360","10040.78","credit","Credit Card Payment","CapitalOne 360 Checking","",""
"9/03/2019","Capital One","Capital One 360","10040.78","debit","Transfer","CapitalOne 360 Money Market","",""
"9/02/2019","Google","GOOGLE*GSUITE PONTI.IO","19.13","debit","Business Services","CapitalOne Quicksilver One","",""
"9/02/2019","Microsoft","MICROSOFT*EA ACCESS 12","31.86","debit","Electronics & Software","CapitalOne Quicksilver One","",""
"9/02/2019","Amazon","AMZN Digital*MO6GL1150","0.99","debit","Shopping","CapitalOne Platinum","",""
"9/01/2019","Moonshine 152 - Boston, MA","Moonshine 152 - Boston, MA","28.90","debit","Restaurants","Green Card","",""
"8/31/2019","Flat of The Hill Inc","FLAT OF THE HILL 930553200101426 - BOSTON, MA","32.70","debit","Gift","Green Card","",""
"8/31/2019","Monthly Interest Paid","Monthly Interest Paid","0.67","credit","Interest Income","CapitalOne 360 Checking","",""
"8/31/2019","Monthly Interest Paid","Monthly Interest Paid","31.32","credit","Interest Income","CapitalOne 360 Money Market","",""
"8/30/2019","METROCARD MACHINE - NEW YORK, NY","METROCARD MACHINE - NEW YORK, NY","5.50","debit","Food & Dining","Green Card","",""
"8/30/2019","Kensho Technolog","KENSHO TECHNOLOG","50.00","credit","Income","CapitalOne 360 Checking","",""
"8/30/2019","Kensho Technolog","KENSHO TECHNOLOG","4556.01","credit","Income","CapitalOne 360 Checking","",""
"8/30/2019","Capital One","Capital One 360","1500.00","debit","Transfer","CapitalOne 360 Checking","",""
"8/30/2019","Capital One 360","Capital One 360","1500.00","credit","Credit Card Payment","CapitalOne 360 Money Market","",""
"8/29/2019","Hertz","HERTZ TOLL CHARGE-ATS American Traffi - MESA, AZ","33.35","debit","Rental Car & Taxi","Green Card","",""
"8/28/2019","LUDLOW COFFEE SUPPLY 000000001 - NEW YORK, NY","LUDLOW COFFEE SUPPLY 000000001 - NEW YORK, NY","6.50","debit","Coffee Shops","Green Card","",""
"8/28/2019","Bt Everlane San","BT*EVERLANE INC. - SAN FRANCISCO, CA","18.00","credit","Credit Card Payment","Green Card","",""
"8/27/2019","iTunes","APL*ITUNES.COM/BILL","0.99","debit","Music","CapitalOne Quicksilver One","",""
"8/27/2019","Amazon","Amazon Prime","12.99","debit","Shopping","CapitalOne Platinum","",""
"8/27/2019","Hallmark","VICTORS HALLMARK SHOP 650000010249798 - BROOKLYN, NY","14.50","debit","Gift","Green Card","",""
"8/27/2019","Hallmark","VICTORS HALLMARK SHOP 650000010249798 - BROOKLYN, NY","1.50","debit","Gift","Green Card","",""
"8/27/2019","Everlane Inc.","BT*EVERLANE INC*506663247 - SAN FRANCISCO, CA","18.00","debit","Clothing","Green Card","",""
"8/27/2019","Starbucks","STARBUCKS STORE 1575 - NEW YORK, NY","6.59","debit","Coffee Shops","Green Card","",""
"8/26/2019","Venmo","VENMO","279.00","debit","Transfer","CapitalOne 360 Checking","",""
"8/26/2019","Delta","DELTA AIR LINES - ATLANTA","232.71","debit","Air Travel","Green Card","",""
"8/26/2019","METROCARD MACHINE - NEW YORK, NY","METROCARD MACHINE - NEW YORK, NY","20.00","debit","Alcohol & Bars","Green Card","",""
"8/26/2019","TRAVEL INSURANCE POLICY - RICHMOND, VA","TRAVEL INSURANCE POLICY - RICHMOND, VA","22.75","debit","Financial","Green Card","",""
"8/26/2019","FOREIGN TRANSACTION FEE","FOREIGN TRANSACTION FEE","6.28","debit","Service Fee","Green Card","",""
"8/26/2019","SOHO FINEST MARKET - NEW YORK, NY","SOHO FINEST MARKET - NEW YORK, NY","16.50","debit","Groceries","Green Card","",""
"8/26/2019","Ground Support","GROUND SUPPORT - New York, NY","7.00","debit","Restaurants","Green Card","",""
"8/26/2019","Delta","DELTA AIR LINES - ATLANTA","164.30","debit","Air Travel","Green Card","",""
"8/26/2019","Starbucks","STARBUCKS STORE 5475 - BOSTON, MA","0.98","debit","Coffee Shops","Green Card","",""
"8/26/2019","Duane Reade","DUANE READE #14408 000014408 - NEW YORK, NY","10.97","debit","Pharmacy","Green Card","",""
"8/25/2019","LINCOLN TAVERN - SOUTH BOSTON, MA","TST* LINCOLN TAVERN 300005778 - SOUTH BOSTON, MA","25.40","debit","Restaurants","Green Card","",""
"8/25/2019","CVS","CVS/PHARMACY #04666 000004666 - BOSTON, MA","11.00","debit","Pharmacy","Green Card","",""
"8/25/2019","Guitar Center","GUITAR CENTER #599 599 - BOSTON, MA","24.42","debit","Music","Green Card","",""
"8/24/2019","The Hub","USA*THE HUB VENDING LLC - EVERETT, MA","3.00","debit","Fast Food","Green Card","",""
"8/23/2019","Federal Express","FEDEX# 940398428863 940398428863 - MEMPHIS, TN","11.01","debit","Shipping","Green Card","",""
"8/22/2019","Flour Bakery & Cafe LLC","TST* FLOUR BAKERY + CAFE 274241061 - CAMBRIDGE, MA","3.47","debit","Restaurants","Green Card","",""
"8/22/2019","The Hub","USA*THE HUB VENDING LLC - EVERETT, MA","3.00","debit","Business Services","Green Card","",""
"8/22/2019","GoDaddy.com","GODADDY.COM - 480-505-8855, AZ","41.36","debit","Business Services","Green Card","",""
"8/22/2019","Bird","BIRD APP","3.59","debit","Scooter","CapitalOne Platinum","",""
"8/22/2019","HARRY'S - BRIGHTON, MA","TST* HARRY S BAR & GRILL 300523398 - BRIGHTON, MA","27.21","debit","Restaurants","Green Card","",""
"8/21/2019","North End Waterfront Health","NEND WATERFRONT HLTH MGP 0948 - BOSTON, MA","20.00","debit","Doctor","Green Card","",""
"8/21/2019","7-Eleven","7-ELEVEN 32476 00073247601 - BOSTON, MA","11.78","debit","Fast Food","Green Card","",""
"8/21/2019","Peet's Coffee","PEET'S #31305","3.34","debit","Coffee Shops","CapitalOne Platinum","",""
"8/21/2019","Amazon Kindle","Kindle Unltd*MA3P17IP0","9.99","debit","Books","CapitalOne Platinum","",""
"8/21/2019","Lyft","LYFT   *RIDE MON 8PM","13.27","debit","Rental Car & Taxi","CapitalOne Platinum","",""
"8/21/2019","Federal Express","FEDEX# 789260818980 789260818980 - MEMPHIS, TN","73.15","debit","Shipping","Green Card","",""
"8/20/2019","ZAFTIGS - BROOKLINE, MA","ZAFTIGS 000000001 - BROOKLINE, MA","19.48","debit","Restaurants","Green Card","",""
"8/20/2019","Flour Bakery & Cafe LLC","TST* FLOUR BAKERY + CAFE 274241061 - CAMBRIDGE, MA","3.47","debit","Restaurants","Green Card","",""
"8/20/2019","Amazon","Amazon.com*MO4NI4TI2","12.74","debit","Shopping","CapitalOne Platinum","",""
"8/20/2019","American Express","AMEX EPAYMENT","123.60","debit","Credit Card Payment","CapitalOne 360 Checking","",""
"8/19/2019","FELIPES TAQUERIA - CAMBRIDGE, MA","FELIPES TAQUERIA 650000009437750 - CAMBRIDGE, MA","8.03","debit","Restaurants","Green Card","",""
"8/19/2019","Hertz","HERTZ CAR RENTAL - 800-654-4173, MA","55.41","debit","Rental Car & Taxi","Green Card","",""
"8/19/2019","- THANK YOU","ONLINE PAYMENT - THANK YOU","123.60","credit","Credit Card Payment","Green Card","",""
"8/19/2019","LinkedIn","LINKEDIN-480*9539083","31.86","debit","Business Services","CapitalOne Quicksilver One","",""
"8/19/2019","Lyft","LYFT   *RIDE SUN 11PM","23.43","debit","Rental Car & Taxi","CapitalOne Platinum","",""
"8/19/2019","Comcast","COMCAST 8773100","115.45","debit","Television","CapitalOne 360 Checking","",""
"8/18/2019","SIDE STREET CAFE - BAR HARBOR, ME","TST* SIDE STREET CAFE 300523757 - BAR HARBOR, ME","29.29","debit","Restaurants","Green Card","",""
"8/18/2019","7-Eleven","7-ELEVEN 33445 00073344501 - BOSTON, MA","21.18","debit","Fast Food","Green Card","",""
"8/18/2019","Circle K","CIRCLE K 07037/CIRCLE K - AUGUSTA, ME","37.00","debit","Gas & Fuel","Green Card","",""
"8/18/2019","Dunkin Donuts","DUNKIN #338905 Q35 3389 - ELLSWORTH, ME","2.43","debit","Coffee Shops","Green Card","",""
"8/18/2019","BLYTH & BURROWS - PORTLAND, ME","BLYTH & BURROWS 039300982316183 - PORTLAND, ME","23.36","debit","Alcohol & Bars","Green Card","",""
"8/18/2019","DOG AND PONY INC - BAR HARBOR, ME","DOG AND PONY INC 436845557261814 - BAR HARBOR, ME","20.00","debit","Restaurants","Green Card","",""
"8/18/2019","THE BARNACLE - Bar Harbor, ME","THE BARNACLE - Bar Harbor, ME","47.20","debit","Restaurants","Green Card","",""
"8/17/2019","THE BARNACLE - Bar Harbor, ME","THE BARNACLE - Bar Harbor, ME","29.50","debit","Restaurants","Green Card","",""
"8/17/2019","ACADIA PARK COMPANY - BAR HARBOR, ME","ACADIA PARK COMPANY 039300982909094 - BAR HARBOR, ME","13.70","debit","Clothing","Green Card","",""
"8/17/2019","SAILOR & HOOK - BAR HARBOR, ME","SAILOR & HOOK 0550 - BAR HARBOR, ME","19.89","debit","Restaurants","Green Card","",""
"8/16/2019","Starbucks","STARBUCKS - KENNEBUNK, ME","0.79","debit","Coffee Shops","Green Card","",""
"8/16/2019","Project","PROJECT SOCIAL 000000001 - BAR HARBOR, ME","37.40","debit","Business Services","Green Card","",""
"8/16/2019","Starbucks","STARBUCKS","10.00","debit","Coffee Shops","CapitalOne Platinum","",""
"8/16/2019","Petal","PETAL CARD INC","2764.07","debit","Credit Card Payment","CapitalOne 360 Checking","",""
"8/15/2019","Newbury Comics Inc.","NEWBURY COMICS - CAMBRIDGE, MA","38.35","debit","Furnishings","Green Card","",""
"8/15/2019","SWEEETGREEN - CAMBRIDGE, MA","SWEEETGREEN HARVARD - CAMBRIDGE, MA","9.84","debit","Restaurants","Green Card","",""
"8/15/2019","CVS","CVS/PHARMACY #00240 000000240 - CAMBRIDGE, MA","8.48","debit","Pharmacy","Green Card","",""
"8/15/2019","Hertz","HERTZ CAR RENTAL - 800-654-4173, OK","222.41","debit","Rental Car & Taxi","Green Card","",""
"8/15/2019","Pavement Coffeehouse","PAVEMENT COFFEEHOUSE - Cambridge, MA","5.35","debit","Fast Food","Green Card","",""
"8/15/2019","Reward Redemption","CREDIT-REWARD REDEMPTION","7.89","credit","Credit Card Payment","CapitalOne Quicksilver One","",""
"8/15/2019","Reward Redemption","CREDIT-REWARD REDEMPTION","9.99","credit","Credit Card Payment","CapitalOne Quicksilver One","",""
"8/15/2019","Reward Redemption","CREDIT-REWARD REDEMPTION","11.99","credit","Credit Card Payment","CapitalOne Quicksilver One","",""
"8/15/2019","Reward Redemption","CREDIT-REWARD REDEMPTION","15.99","credit","Credit Card Payment","CapitalOne Quicksilver One","",""
"8/15/2019","Reward Redemption","CREDIT-REWARD REDEMPTION","15.93","credit","Credit Card Payment","CapitalOne Quicksilver One","",""
"8/15/2019","Adidas","AGRON ADIDAS OUTDOOR","100.00","debit","Clothing","CapitalOne Platinum","",""
"8/15/2019","Capital One","CAPITAL ONE","1132.22","debit","Credit Card Payment","CapitalOne 360 Checking","",""
"8/15/2019","Kensho Technolog","KENSHO TECHNOLOG","4611.55","credit","Income","CapitalOne 360 Checking","",""
"8/14/2019","CAPITAL ONE MOBILE payment AuthDate 14-Aug","CAPITAL ONE MOBILE PYMT AuthDate 14-A ug","1132.22","credit","Credit Card Payment","CapitalOne Platinum","",""
"8/14/2019","iTunes","APL*ITUNES.COM/BILL","12.74","debit","Music","CapitalOne Quicksilver One","",""
"8/13/2019","Starbucks","STARBUCKS STORE 0710 - CAMBRIDGE, MA","11.88","debit","Coffee Shops","Green Card","",""
"8/13/2019","Expedia","EXPEDIA 7463746563181 - EXPEDIA.COM, WA","30.00","debit","Travel","Green Card","",""
"8/12/2019","Starbucks","STARBUCKS STORE 0085 - BOSTON, MA","13.10","debit","Coffee Shops","Green Card","",""
"8/12/2019","YouTubePremium","GOOGLE *YouTubePremium","11.99","debit","Entertainment","CapitalOne Quicksilver One","",""
"8/12/2019","Lyft","LYFT   *RIDE SAT 8PM","15.48","debit","Rental Car & Taxi","CapitalOne Platinum","",""
"8/12/2019","Peet's Coffee","PEET'S #31205","2.48","debit","Coffee Shops","CapitalOne Platinum","",""
"8/12/2019","Bird","BIRD APP","5.00","debit","Scooter","CapitalOne Platinum","",""
"8/11/2019","LIFE ALIVE CAFE - BROOKLINE, MA","LIFE ALIVE CAFE (BROOKLIN 930572000052 - BROOKLINE, MA","17.07","debit","Restaurants","Green Card","",""
"8/11/2019","Trader Joe's","TRADER JOE'S #501 QPS 501 - BROOKLINE, MA","1.99","debit","Groceries","Green Card","",""
"8/10/2019","7-Eleven","7-ELEVEN 32466 00073246601 - BOSTON, MA","1.99","debit","Shopping","Green Card","",""
"8/10/2019","BARCELONA SOUTH END - BOSTON, MA","BARCELONA SOUTH END - BOSTON, MA","30.15","debit","Restaurants","Green Card","",""
"8/10/2019","Uber.com","UBER TECHNOLOGIES INC","16.42","debit","Rental Car & Taxi","CapitalOne Platinum","",""
"8/10/2019","Starbucks","STARBUCKS","10.00","debit","Coffee Shops","CapitalOne Platinum","",""
"8/10/2019","TRILLIUM GARDEN - Boston, MA","TRILLIUM GARDEN - Boston, MA","19.55","debit","Alcohol & Bars","Green Card","",""
"8/09/2019","Yard House","YARD HOUSE 0108336 0000 - BOSTON, MA","22.12","debit","Alcohol & Bars","Green Card","",""
"8/09/2019","MEADHALL","MEADHALL","27.47","debit","Alcohol & Bars","CapitalOne Platinum","",""
"8/08/2019","Dunkin Donuts","DUNKIN #343071 Q35 3430 - BOSTON, MA","5.02","debit","Coffee Shops","Green Card","",""
"8/08/2019","THE RUSELL HOUSE TAVERN - CAMBRIDGE, MA","THE RUSELL HOUSE TAVERN - CAMBRIDGE, MA","31.21","debit","Restaurants","Green Card","",""
"8/08/2019","Starbucks","STARBUCKS","10.00","debit","Coffee Shops","CapitalOne Platinum","",""
"8/08/2019","Lyft","LYFT   *RIDE TUE 10PM","8.85","debit","Rental Car & Taxi","CapitalOne Platinum","",""
"8/08/2019","CLUB QUARTERS HOTEL WASHINGTON DC","CLUB QUARTERS HOTEL WA","261.74","debit","Hotel","CapitalOne Platinum","",""
"8/07/2019","Land Marks","LANDMARK NEWS AND CONVENI 00-080350857 - BOSTON, MA","6.98","debit","Business Services","Green Card","",""
"8/07/2019","Flour Bakery & Cafe LLC","TST* FLOUR BAKERY + CAFE 274241061 - CAMBRIDGE, MA","3.47","debit","Coffee Shops","Green Card","",""
"8/07/2019","Spotify","Spotify USA","9.99","debit","Music","CapitalOne Quicksilver One","",""
"8/07/2019","Lyft","LYFT   *RIDE MON 10PM","21.08","debit","Rental Car & Taxi","CapitalOne Platinum","",""
"8/07/2019","TATTE BAKERY - CAMBRIDGE, MA","TST* TATTE BAKERY 274240840 - CAMBRIDGE, MA","6.35","debit","Coffee Shops","Green Card","",""
"8/07/2019","AES","AES","1000.00","debit","Student Loan","CapitalOne 360 Checking","",""
"8/06/2019","Dunkin Donuts","DUNKIN #343071 Q35 3430 - BOSTON, MA","5.02","debit","Coffee Shops","Green Card","",""
"8/06/2019","KENDALL SQ CINEMA - CAMBRIDGE, MA","KENDALL SQ CINEMA 231 000000001 - CAMBRIDGE, MA","12.50","debit","Movies & DVDs","Green Card","",""
"8/06/2019","Bird","BIRD APP","6.63","debit","Scooter","CapitalOne Platinum","",""
"8/06/2019","Bird","BIRD APP","5.00","debit","Scooter","CapitalOne Platinum","",""
"8/05/2019","THE LINE D.C.","THE LINE D.C. FOOD & BEV 1 - WASHINGTON, DC","23.70","debit","Restaurants","Green Card","",""
"8/05/2019","THE GROVE - WASHINGTON, DC","THE GROVE - WASHINGTON, DC","6.71","debit","Restaurants","Green Card","",""
"8/05/2019","Lyft","LYFT   *SCOOTER RIDE","2.33","debit","Rental Car & Taxi","CapitalOne Platinum","",""
"8/05/2019","Bird","BIRD APP","5.00","debit","Scooter","CapitalOne Platinum","",""
"8/05/2019","Gap","GAP US 1009","7.94","debit","Clothing","CapitalOne Platinum","",""
"8/05/2019","CVS","CVS/PHARMACY #02527","13.33","debit","Pharmacy","CapitalOne Platinum","",""
"8/05/2019","Bird","BIRD APP","5.00","debit","Scooter","CapitalOne Platinum","",""
"8/05/2019","Bird","BIRD APP","5.00","debit","Scooter","CapitalOne Platinum","",""
"8/05/2019","METRO Washington DC","METRO 072-SHAW-HWRD U","22.00","debit","Public Transportation","CapitalOne Platinum","",""
"8/05/2019","Amazon","Amazon.com*MA7CB5VB1","17.35","debit","Shopping","CapitalOne Platinum","",""
"8/05/2019","Bird","BIRD APP","10.00","debit","Scooter","CapitalOne Platinum","",""
"8/05/2019","Amazon","AMZN Mktp US*MA99X7602","59.43","debit","Shopping","CapitalOne Platinum","",""
"8/05/2019","Capital One","CAPITAL ONE","344.59","debit","Credit Card Payment","CapitalOne 360 Checking","",""
"8/05/2019","AFTERWORDS Cafe- WASHINGTON, DC","KRAMERBOOK / AFTERWORDS 0000 - WASHINGTON, DC","25.44","debit","Restaurants","Green Card","",""
"8/05/2019","Compass Coffee Llc.","COMPASS COFFEE - Washington, DC","10.28","debit","Coffee Shops","Green Card","",""
"8/05/2019","BLUE BOTTLE COFFEE - Washington DC","BLUE BOTTLE COFFEE - Washington DC, DC","6.50","debit","Coffee Shops","Green Card","",""
"8/05/2019","PUBLIC BAR - WASHINGTON, DC","TST* PUBLIC BAR 300524006 - WASHINGTON, DC","40.19","debit","Alcohol & Bars","Green Card","",""
"8/05/2019","Netflix","NETFLIX.COM","15.99","debit","Movies & DVDs","CapitalOne Quicksilver One","",""
"8/05/2019","CAPITAL ONE ONLINE payment AuthDate 04-Aug","CAPITAL ONE ONLINE PYMT AuthDate 04-A ug","344.59","credit","Credit Card Payment","CapitalOne Quicksilver One","",""
"8/05/2019","iTunes","APL*ITUNES.COM/BILL","15.93","debit","Music","CapitalOne Quicksilver One","",""
"8/04/2019","G.T. Players Inc. - WASHINGTON DC","GT PLAYERS 0759 - WASHINGTON, DC","31.80","debit","Clothing","Green Card","","Washington Nationals Hat"
"8/04/2019","American Airlines","AMERICAN AIRLINES 45107392 - 800-433-7300, TX","27.72","debit","Air Travel","Green Card","",""
"8/04/2019","7-Eleven","7-ELEVEN 34321 00073432101 - WASHINGTON, DC","7.90","debit","Fast Food","Green Card","",""
"8/04/2019","Compass Coffee Llc.","COMPASS COFFEE - Washington, DC","6.41","debit","Coffee Shops","Green Card","",""
"8/04/2019","Compass Coffee Llc.","COMPASS COFFEE - Washington, DC","6.41","debit","Coffee Shops","Green Card","",""
"8/04/2019","PUBLIC BAR - WASHINGTON, DC","TST* PUBLIC BAR 300524006 - WASHINGTON, DC","59.49","debit","Alcohol & Bars","Green Card","",""
"8/03/2019","Emissary - Washington, DC","Emissary - Washington, DC","20.00","debit","Coffee Shops","Green Card","",""
"8/03/2019","7-Eleven","7-ELEVEN 34321 00073432101 - WASHINGTON, DC","17.21","debit","Shopping","Green Card","",""
"8/03/2019","LA COLOMBE - Washington, DC","LA COLOMBE - ULINE - Washington, DC","7.75","debit","Coffee Shops","Green Card","",""
"8/03/2019","Wawa","WAWA 6003     00060038","2.50","debit","Fast Food","CapitalOne Platinum","",""
"8/03/2019","CVS","CVS/PHARMACY #07174","11.41","debit","Pharmacy","CapitalOne Platinum","",""
"8/03/2019","DARWIN'S LTD. - M","TST* DARWIN S LTD. - M","5.01","debit","Coffee Shops","CapitalOne Platinum","",""
"8/03/2019","MBTA HARVARD","MBTA HARVARD","2.90","debit","Public Transportation","CapitalOne Platinum","",""
"8/03/2019","The Royal - Washington DC","THE ROYAL","24.91","debit","Restaurants","CapitalOne Platinum","",""
"8/03/2019","Lime Scooter","LIM*RIDE COST","9.16","debit","Scooter","CapitalOne Platinum","",""
"8/03/2019","7-Eleven","7-ELEVEN 37371","20.93","debit","Fast Food","CapitalOne Platinum","",""
"8/03/2019","Amazon web services","Amazon web services","1.40","debit","Developer Tools","CapitalOne Quicksilver One","",""
"8/02/2019","BEERWORKS - FENWAY","BEERWORKS - FENWAY","19.04","debit","Alcohol & Bars","CapitalOne Platinum","",""
"8/02/2019","Starbucks","STARBUCKS","10.00","debit","Coffee Shops","CapitalOne Platinum","",""
"8/02/2019","Modell's Sporting","MODELL'S SPORTING GOOD","75.00","debit","Clothing","CapitalOne Platinum","","Red Sox Jersey and hat"
"8/02/2019","Whole Foods","WHOLEFDS BRI 10015","14.12","debit","Fast Food","CapitalOne Platinum","",""
"8/02/2019","Lyft","LYFT   *RIDE WED 9PM","14.43","debit","Rental Car & Taxi","CapitalOne Platinum","",""
"8/02/2019","GSUITE - ponti.io","GOOGLE *GSUITE_ponti.i","19.13","debit","Utilities","CapitalOne Quicksilver One","",""
"8/02/2019","One North of Bos","One North of Bos","2404.27","debit","Mortgage & Rent","CapitalOne 360 Checking","",""
"8/02/2019","EVERSOURCE","EVERSOURCE","49.53","debit","Utilities","CapitalOne 360 Checking","",""
"8/01/2019","HARRY'S BAR & GRILL","TST* HARRY S BAR & GRI","22.92","debit","Alcohol & Bars","CapitalOne Platinum","",""
"7/31/2019","Bleacher Bar LLC","BLEACHER BAR 000000000000000 - BOSTON, MA","20.00","debit","Alcohol & Bars","Green Card","",""
"7/31/2019","Monthly Interest Paid","Monthly Interest Paid","0.35","credit","Interest Income","CapitalOne 360 Checking","",""
"7/31/2019","Kensho Technolog","KENSHO TECHNOLOG","4877.46","credit","Income","CapitalOne 360 Checking","",""
"7/31/2019","Kensho Technolog","KENSHO TECHNOLOG","50.00","credit","Income","CapitalOne 360 Checking","",""
"7/31/2019","Monthly Interest Paid","Monthly Interest Paid","29.42","credit","Interest Income","CapitalOne 360 Money Market","",""
"7/31/2019","TST* DARWIN S LTD. - M","TST* DARWIN S LTD. - M","13.63","debit","Fast Food","CapitalOne Platinum","",""
"7/31/2019","FLOYDS 99 BARBERSHOP","FLOYDS 99 BARBERSHOP","30.00","debit","Hair","CapitalOne Platinum","",""
"7/31/2019","Starbucks","STARBUCKS","15.00","debit","Coffee Shops","CapitalOne Platinum","",""
"7/31/2019","DARWIN'S LTD. - CAMBRIDGE, MA","TST* DARWIN S LTD. - MT A 300514429 - CAMBRIDGE, MA","11.11","debit","Fast Food","Green Card","",""
"7/31/2019","TRUSTED FAN BY IDEMIA - Boston, MA","TRUSTED FAN BY IDEMIA - Boston, MA","10.00","debit","Amusement","Green Card","",""
"7/29/2019","Comcast","COMCAST 8773100","78.41","debit","Television","CapitalOne 360 Checking","",""
"7/29/2019","Pour House","THE POUR HOUSE","10.75","debit","Alcohol & Bars","CapitalOne Platinum","",""
"7/29/2019","Lyft","LYFT   *RIDE SAT 12PM","14.60","debit","Rental Car & Taxi","CapitalOne Platinum","",""
"7/29/2019","Lyft","LYFT   *RIDE SAT 1AM","18.79","debit","Rental Car & Taxi","CapitalOne Platinum","",""
"7/29/2019","RED SOX TICKETS","RED SOX TICKETS","139.00","debit","Entertainment","CapitalOne Platinum","",""
"7/29/2019","Flour Bakery & Cafe LLC","TST* FLOUR BAKERY + CAFE 274241061 - CAMBRIDGE, MA","3.47","debit","Restaurants","Green Card","",""
"7/28/2019","ATM Fee","ATM Withdrawal","3.00","debit","ATM Fee","CapitalOne 360 Checking","",""
"7/28/2019","ATM Withdrawal","ATM Withdrawal","60.00","debit","Cash & ATM","CapitalOne 360 Checking","",""
"7/28/2019","LIFE ALIVE CAFE (BOYLSTON 930572000052 - BOSTON, MA","LIFE ALIVE CAFE (BOYLSTON 930572000052 - BOSTON, MA","7.36","debit","Restaurants","Green Card","",""
"7/28/2019","TST* TATTE BAKERY - BACK 300501561 - BOSTON, MA","TST* TATTE BAKERY - BACK 300501561 - BOSTON, MA","7.06","debit","Restaurants","Green Card","",""
"7/28/2019","Neste","OWL'S NEST ESPLANADE - Boston, MA","16.00","debit","Gas & Fuel","Green Card","",""
"7/28/2019","Miniluxe","MINILUXE-BACK BAY (31 - BOSTON, MA","30.00","debit","Spa & Massage","Green Card","",""
"7/28/2019","Wine & Spirits","BACK BAY WINE AND SPIRITS 650000009978 - BOSTON, MA","10.99","debit","Groceries","Green Card","",""
"7/28/2019","Shawmut Restaurant & B - Boston, MA","Shawmut Restaurant & B - Boston, MA","23.99","debit","Restaurants","Green Card","",""
"7/27/2019","iTunes","APL*ITUNES.COM/BILL","0.99","debit","Music","CapitalOne Quicksilver One","",""
"7/27/2019","7-Eleven","7-ELEVEN 32476","13.87","debit","Shopping","CapitalOne Platinum","",""
"7/27/2019","TST* TATTE BAKERY","TST* TATTE BAKERY","6.42","debit","Restaurants","CapitalOne Platinum","",""
"7/27/2019","CVS","CVS/PHARMACY #00240","47.55","debit","Pharmacy","CapitalOne Platinum","",""
"7/27/2019","The Beehive","TST* THE BEEHIVE 300515047 - BOSTON, MA","30.68","debit","Food & Dining","Green Card","",""
"7/27/2019","LIFE ALIVE CAFE (BOYLSTON 930572000052 - BOSTON, MA","LIFE ALIVE CAFE (BOYLSTON 930572000052 - BOSTON, MA","33.71","debit","Restaurants","Green Card","",""
"7/27/2019","CVS","CVS PHARMACY - BOSTON, MA","6.15","debit","Pharmacy","Green Card","",""
"7/26/2019","Starbucks","STARBUCKS","15.00","debit","Coffee Shops","CapitalOne Quicksilver One","",""
"7/26/2019","TST* TATTE BAKERY","TST* TATTE BAKERY","8.29","debit","Restaurants","CapitalOne Platinum","",""
"7/26/2019","SULLIVANS CASTLE ISLAN","SULLIVANS CASTLE ISLAN","18.67","debit","Restaurants","CapitalOne Platinum","",""
"7/26/2019","Dunkin Donuts","DUNKIN #331941 Q35","5.02","debit","Coffee Shops","CapitalOne Platinum","",""
"7/24/2019","TST* FLOUR BAKERY + CA","TST* FLOUR BAKERY + CA","13.92","debit","Restaurants","CapitalOne Platinum","",""
"7/23/2019","Venmo","VENMO","250.00","credit","Income","CapitalOne 360 Checking","",""
"7/23/2019","360 Checking Card Adjustment Signature (Credit) PETFIRST PET INSURANCE 8669377387 IN","360 Checking Card Adjustment Signature (Credit) PETFIRST PET INSURANCE 8669377387 IN","58.95","credit","Income","CapitalOne 360 Checking","",""
"7/23/2019","Microsoft","Microsoft*Ultimate 1 M","1.06","debit","Electronics & Software","CapitalOne Quicksilver One","",""
"7/23/2019","Nerdwallet Cash Back","NERDWALLET CASH BACK P","0.25","credit","Credit Card Payment","CapitalOne Quicksilver One","",""
"7/23/2019","Starbucks","STARBUCKS","15.00","debit","Coffee Shops","CapitalOne Quicksilver One","",""
"7/23/2019","TST* TATTE BAKERY","TST* TATTE BAKERY","6.85","debit","Restaurants","CapitalOne Platinum","",""
"7/22/2019","ATM Deposit (Cash)","ATM Deposit (Cash)","314.00","credit","Income","CapitalOne 360 Checking","",""
"7/22/2019","La Colombe","SQU*SQ *LA COLOMBE - P","6.75","debit","Coffee Shops","CapitalOne Quicksilver One","",""
"7/22/2019","Hotel Tonight","HOTELTONIGHTNOMO SOHO","193.00","debit","Hotel","CapitalOne Quicksilver One","",""
"7/19/2019","ATM Withdrawal","ATM Withdrawal","300.00","debit","Cash & ATM","CapitalOne 360 Checking","",""
"7/19/2019","Capital One","Capital One 360","1729.48","debit","Financial","CapitalOne 360 Checking","",""
"7/19/2019","Capital One 360","Capital One 360","1729.48","credit","Credit Card Payment","CapitalOne 360 Money Market","",""
"7/19/2019","Starbucks","STARBUCKS","25.00","debit","Coffee Shops","CapitalOne Quicksilver One","",""
"7/19/2019","LinkedIn","LINKEDIN-394*6177776","31.86","debit","Business Services","CapitalOne Quicksilver One","",""
"7/17/2019","Petal","PETAL CARD INC","67.23","debit","Credit Card Payment","CapitalOne 360 Checking","",""
"7/16/2019","Petal","PETAL CARD INC","1756.13","debit","Credit Card Payment","CapitalOne 360 Checking","",""
"7/15/2019","Kensho Technolog","KENSHO TECHNOLOG","4772.71","credit","Income","CapitalOne 360 Checking","",""
"7/15/2019","Capital One","CAPITAL ONE","259.35","debit","Financial","CapitalOne 360 Checking","",""
"7/15/2019","Lyft","LYFT   *RIDE SAT 8PM","15.28","debit","Rental Car & Taxi","CapitalOne Quicksilver One","",""
"7/15/2019","Uber.com","UBER TECHNOLOGIES INC","20.37","debit","Rental Car & Taxi","CapitalOne Quicksilver One","",""
"7/15/2019","CAPITAL ONE MOBILE payment AuthDate 15-J ul","CAPITAL ONE MOBILE PYMT AuthDate 15-J ul","259.35","credit","Credit Card Payment","CapitalOne Quicksilver One","",""
"7/13/2019","CVS","CVS/PHARMACY #00260","5.80","debit","Pharmacy","CapitalOne Quicksilver One","",""
"7/13/2019","CVS","CVS/PHARMACY #00260","1.59","debit","Pharmacy","CapitalOne Quicksilver One","",""
"7/12/2019","CVS","CVS/PHARMACY #10174","5.98","debit","Pharmacy","CapitalOne Quicksilver One","",""
"7/12/2019","YouTubePremium","GOOGLE *YouTubePremium","11.99","debit","Entertainment","CapitalOne Quicksilver One","",""
"7/12/2019","Starbucks","STARBUCKS","25.00","debit","Coffee Shops","CapitalOne Quicksilver One","",""
"7/12/2019","Fandango","FANDANGO","32.40","debit","Movies & DVDs","CapitalOne Quicksilver One","",""
"7/12/2019","ICON AT SEAPORT SQUARE","ICON AT SEAPORT SQUARE","15.00","debit","Restaurants","CapitalOne Quicksilver One","",""
"7/11/2019","iTunes","APL*ITUNES.COM/BILL","9.99","debit","Music","CapitalOne Quicksilver One","",""
"7/11/2019","Uber.com","UBER TECHNOLOGIES INC","16.74","debit","Rental Car & Taxi","CapitalOne Quicksilver One","",""
"7/09/2019","SANTANDER","SANTANDER","400.00","debit","Transfer for Cash Spending","CapitalOne 360 Checking","",""
"7/09/2019","PETFIRST PET INSURANCE","PETFIRST PET INSURANCE","58.95","debit","Financial","CapitalOne 360 Checking","",""
"7/09/2019","Fandango","FANDANGO","32.20","debit","Movies & DVDs","CapitalOne Quicksilver One","",""
"7/08/2019","CVS","CVS/PHARMACY #00240","1.58","debit","Pharmacy","CapitalOne Quicksilver One","",""
"7/08/2019","Uber.com","UBER TECHNOLOGIES INC","16.49","debit","Rental Car & Taxi","CapitalOne Quicksilver One","",""
"7/08/2019","CVS","CVS/PHARMACY #00260","3.99","debit","Pharmacy","CapitalOne Quicksilver One","",""
"7/08/2019","Dunkin Donuts","DUNKIN #343071 Q35","5.02","debit","Coffee Shops","CapitalOne Quicksilver One","",""
"7/08/2019","Spotify","Spotify USA","9.99","debit","Music","CapitalOne Quicksilver One","",""
"7/07/2019","ATM Withdrawal","ATM Withdrawal","60.00","debit","Cash & ATM","CapitalOne 360 Checking","",""
"7/06/2019","Uber.com","UBER TECHNOLOGIES INC","9.92","debit","Rental Car & Taxi","CapitalOne Quicksilver One","",""
"7/05/2019","CAPITAL ONE MOBILE payment AuthDate 05-J ul","CAPITAL ONE MOBILE PYMT AuthDate 05-J ul","374.31","credit","Credit Card Payment","CapitalOne Quicksilver One","",""
"7/05/2019","Uber.com","UBER TECHNOLOGIES INC","17.18","debit","Rental Car & Taxi","CapitalOne Quicksilver One","",""
"7/05/2019","Uber.com","UBER TECHNOLOGIES INC","14.63","debit","Rental Car & Taxi","CapitalOne Quicksilver One","",""
"7/05/2019","YouTube Videos","GOOGLE *YouTube Videos","3.99","debit","Movies & DVDs","CapitalOne Quicksilver One","",""
"7/05/2019","Uber.com","UBER TECHNOLOGIES INC","14.63","credit","Rental Car & Taxi","CapitalOne Quicksilver One","",""
"7/05/2019","CVS","CVS/PHARMACY #10517","34.50","debit","Pharmacy","CapitalOne Quicksilver One","",""
"7/04/2019","CVS","CVS/PHARMACY #00240","1.58","debit","Pharmacy","CapitalOne Quicksilver One","",""
"7/04/2019","Netflix","NETFLIX.COM","15.99","debit","Movies & DVDs","CapitalOne Quicksilver One","",""
"7/04/2019","Amazon web services","Amazon web services","1.40","debit","Electronics & Software","CapitalOne Quicksilver One","",""
"7/03/2019","EVERSOURCE","EVERSOURCE","39.11","debit","Utilities","CapitalOne 360 Checking","",""
"7/03/2019","SANTANDER","SANTANDER","200.00","debit","Babysitter & Daycare","CapitalOne 360 Checking","",""
"7/03/2019","GSUITE_ponti.i","GOOGLE *GSUITE_ponti.i","18.70","debit","Electronics & Software","CapitalOne Quicksilver One","",""
"7/02/2019","One North of Bos","One North of Bos","2403.36","debit","Mortgage & Rent","CapitalOne 360 Checking","",""
"7/01/2019","Lyft","LYFT   *RIDE FRI 11PM","21.99","debit","Rental Car & Taxi","CapitalOne Quicksilver One","",""
"7/01/2019","MBTA MTICKET","MBTA MTICKET","4.50","debit","Public Transportation","CapitalOne Quicksilver One","",""
"7/01/2019","CVS","CVS/PHARMACY #00240","5.58","debit","Pharmacy","CapitalOne Quicksilver One","",""
"6/30/2019","Monthly Interest Paid","Monthly Interest Paid","0.90","credit","Interest Income","CapitalOne 360 Checking","",""
"6/30/2019","Monthly Interest Paid","Monthly Interest Paid","17.39","credit","Interest Income","CapitalOne 360 Money Market","",""
"6/29/2019","Lyft","LYFT   *RIDE THU 7PM","20.44","debit","Rental Car & Taxi","CapitalOne Quicksilver One","",""
"6/28/2019","Venmo","VENMO","40.00","debit","Transfer","CapitalOne 360 Checking","",""
"6/28/2019","Kensho Technolog","KENSHO TECHNOLOG","50.00","credit","Income","CapitalOne 360 Checking","",""
"6/28/2019","Kensho Technolog","KENSHO TECHNOLOG","4723.49","credit","Income","CapitalOne 360 Checking","",""
"6/28/2019","Petals","PETAL CARD INC","1099.36","debit","Gift","CapitalOne 360 Checking","",""
"6/28/2019","iTunes","PP ITUNES COM BILL","0.99","debit","Music","CapitalOne 360 Checking","",""
"6/28/2019","Capital One","Capital One 360","6732.08","debit","Financial","CapitalOne 360 Checking","",""
"6/28/2019","Capital One 360","Capital One 360","6732.08","credit","Credit Card Payment","CapitalOne 360 Money Market","",""
"6/27/2019","Lyft","LYFT   *RIDE WED 9PM","24.32","debit","Rental Car & Taxi","CapitalOne Quicksilver One","",""
"6/27/2019","Starbucks","STARBUCKS","25.00","debit","Coffee Shops","CapitalOne Quicksilver One","",""
"6/26/2019","SANTANDER","SANTANDER","100.00","debit","Restaurants","CapitalOne 360 Checking","",""
"6/26/2019","Target","TARGET        00032292","25.75","debit","Shopping","CapitalOne Quicksilver One","",""
"6/25/2019","Shake Shack","SQ      SQ  SHAKE SHAC","6.18","debit","Fast Food","CapitalOne 360 Checking","",""
"6/25/2019","Lyft","LYFT   *RIDE SUN 10PM","12.99","debit","Rental Car & Taxi","CapitalOne Quicksilver One","",""
"6/25/2019","CVS","CVS/PHARMACY #10174","2.43","debit","Pharmacy","CapitalOne Quicksilver One","",""
"6/24/2019","iTunes","PP ITUNES COM BILL","10.61","debit","Music","CapitalOne 360 Checking","",""
"6/24/2019","Lyft","LYFT   *RIDE SUN 12AM","19.73","debit","Rental Car & Taxi","CapitalOne Quicksilver One","",""
"6/24/2019","TST* TRIDENT BOOK SELL","TST* TRIDENT BOOK SELL","24.70","debit","Restaurants","CapitalOne Quicksilver One","",""
"6/24/2019","CVS","CVS/PHARMACY #10174","1.58","debit","Pharmacy","CapitalOne Quicksilver One","",""
"6/24/2019","Lyft","LYFT   *RIDE FRI 5PM","16.64","debit","Rental Car & Taxi","CapitalOne Quicksilver One","",""
"6/22/2019","LinkedIn","LINKEDIN-471*0564623","31.86","debit","Business Services","CapitalOne Quicksilver One","",""
"6/20/2019","Starbucks","STARBUCKS","25.00","debit","Coffee Shops","CapitalOne Quicksilver One","",""
"6/19/2019","Lyft","LYFT    RIDE SUN 6PM","13.67","debit","Rental Car & Taxi","CapitalOne 360 Checking","",""
"6/18/2019","Uber.com","UBER TECHNOLOGIES INC","29.83","debit","Rental Car & Taxi","CapitalOne 360 Checking","",""
"6/18/2019","Lyft","LYFT    RIDE SAT 4PM","8.84","debit","Rental Car & Taxi","CapitalOne 360 Checking","",""
"6/15/2019","7-Eleven","7-ELEVEN 33519","10.69","debit","Fast Food","CapitalOne Quicksilver One","",""
"6/15/2019","MBTA MTICKET","MBTA MTICKET","4.50","debit","Public Transportation","CapitalOne Quicksilver One","",""
"6/14/2019","Kensho Technolog","KENSHO TECHNOLOG","4773.60","credit","Income","CapitalOne 360 Checking","",""
"6/14/2019","ANIMAL RESCUE LEAGUE O","ANIMAL RESCUE LEAGUE O","90.75","debit","Veterinary","CapitalOne 360 Checking","",""
"6/14/2019","SQU SQ TOSCANINI S IC","SQU SQ  TOSCANINI S IC","11.63","debit","Restaurants","CapitalOne 360 Checking","",""
"6/14/2019","MBTA MTICKET","MBTA MTICKET","2.25","debit","Public Transportation","CapitalOne Quicksilver One","",""
"6/13/2019","SQ SQ NEW CITY MICRO","SQ  SQ  NEW CITY MICRO","9.49","debit","Coffee Shops","CapitalOne 360 Checking","",""
"6/13/2019","MILK BAR HARVARD SQU","MILK BAR   HARVARD SQU","30.70","debit","Alcohol & Bars","CapitalOne 360 Checking","",""
"6/13/2019","MBTA CENTRAL","MBTA CENTRAL","2.75","debit","Public Transportation","CapitalOne Quicksilver One","",""
"6/12/2019","Starbucks","STARBUCKS","25.00","debit","Coffee Shops","CapitalOne 360 Checking","",""
"6/12/2019","Pilot Travel Center","PARKING METERS PILOT P","2.75","debit","Gas & Fuel","CapitalOne Quicksilver One","",""
"6/12/2019","YouTubePremium","GOOGLE *YouTubePremium","11.99","debit","Entertainment","CapitalOne Quicksilver One","",""
"6/12/2019","MBTA MTICKET","MBTA MTICKET","2.25","debit","Public Transportation","CapitalOne Quicksilver One","",""
"6/11/2019","Home Goods","HOMEGOODS 162 EVERETT","48.77","debit","Furnishings","CapitalOne 360 Checking","",""
"6/11/2019","Starbucks","STARBUCKS","10.00","debit","Coffee Shops","CapitalOne 360 Checking","",""
"6/11/2019","Amazon","AMZN MKTP US M675G5N90","20.99","debit","Shopping","CapitalOne 360 Checking","",""
"6/11/2019","Amazon","AMZN MKTP US M634Z1EC2","80.97","debit","Shopping","CapitalOne 360 Checking","",""
"6/11/2019","TST TATTE BAKERY SU","TST  TATTE BAKERY   SU","6.35","debit","Restaurants","CapitalOne 360 Checking","",""
"6/11/2019","PetSmart","PETSMART # 0791","33.99","debit","Pet Food & Supplies","CapitalOne 360 Checking","",""
"6/11/2019","Amazon","AMZN MKTP US M62YF4NK0","72.26","debit","Shopping","CapitalOne 360 Checking","",""
"6/11/2019","MBTA SOUTH STATN","MBTA SOUTH STATN","21.25","debit","Public Transportation","CapitalOne 360 Checking","",""
"6/11/2019","Prime Fresh","Prime Fresh","14.99","credit","Credit Card Payment","CapitalOne Quicksilver One","",""
"6/11/2019","TST* TATTE BAKERY","TST* TATTE BAKERY","5.35","debit","Restaurants","CapitalOne Quicksilver One","",""
"6/11/2019","Prime","Prime Fresh*M62RV2192","14.99","debit","Groceries","CapitalOne Quicksilver One","",""
"6/10/2019","Capital One","CAPITAL ONE","422.60","debit","Financial","CapitalOne 360 Checking","",""
"6/10/2019","Lyft","LYFT   *RIDE SUN 6PM","15.55","debit","Rental Car & Taxi","CapitalOne Quicksilver One","",""
"6/10/2019","CAPITAL ONE ONLINE payment AuthDate 09-J un","CAPITAL ONE ONLINE PYMT AuthDate 09-J un","422.60","credit","Credit Card Payment","CapitalOne Quicksilver One","",""
"6/10/2019","TST* B.GOOD - HARVARD","TST* B.GOOD - HARVARD","16.05","debit","Restaurants","CapitalOne Quicksilver One","",""
"6/08/2019"," CENLAALLIAN","PAYPAL  CENLAALLIAN","665.00","debit","Kids Activities","CapitalOne 360 Checking","",""
"6/08/2019","7-Eleven","7-ELEVEN","11.22","debit","Fast Food","CapitalOne 360 Checking","",""
"6/08/2019","Lyft","LYFT   *RIDE THU 9PM","15.18","debit","Rental Car & Taxi","CapitalOne Quicksilver One","",""
"6/08/2019","UNIQLO ECOMMERCE","UNIQLO ECOMMERCE","119.20","debit","Clothing","CapitalOne Quicksilver One","",""
"6/07/2019","CVS","CVS/PHARM 04666--101 C","23.53","debit","Pharmacy","CapitalOne 360 Checking","",""
"6/07/2019","Spotify","Spotify USA","9.99","debit","Music","CapitalOne Quicksilver One","",""
"6/06/2019","PIONEER CREDIT RECOVER","PIONEER CREDIT RECOVER","5.00","debit","Student Loan","CapitalOne 360 Checking","",""
"6/06/2019","TST* TATTE BAKERY","TST* TATTE BAKERY","12.66","debit","Restaurants","CapitalOne Quicksilver One","",""
"6/05/2019","TST* TATTE BAKERY","TST* TATTE BAKERY","6.35","debit","Restaurants","CapitalOne Quicksilver One","",""
"6/05/2019","MBTA NORTH STATN","MBTA NORTH STATN","22.50","debit","Public Transportation","CapitalOne Quicksilver One","",""
"6/05/2019","Amazon","AMZN Mktp US*M616U5Z62","13.80","debit","Shopping","CapitalOne Quicksilver One","",""
"6/05/2019","Amazon","AMZN Mktp US*M62ET4AD1","15.99","debit","Shopping","CapitalOne Quicksilver One","",""
"6/05/2019","Amazon","AMZN Mktp US*M60E54A71","16.99","debit","Shopping","CapitalOne Quicksilver One","",""
"6/04/2019","SANTANDER","SANTANDER","250.00","debit","Restaurants","CapitalOne 360 Checking","",""
"6/04/2019","Puritan.com","TST PURITAN   COMPANY","21.97","debit","Groceries","CapitalOne 360 Checking","",""
"6/04/2019","EVERSOURCE","EVERSOURCE","38.88","debit","Utilities","CapitalOne 360 Checking","",""
"6/04/2019","One North of Bos","One North of Bos","2399.56","debit","Mortgage & Rent","CapitalOne 360 Checking","",""
"6/04/2019","Venmo","VENMO","20.00","debit","Transfer","CapitalOne 360 Checking","",""
"6/04/2019","7-Eleven","7-ELEVEN 37344","20.81","debit","Fast Food","CapitalOne Quicksilver One","",""
"6/04/2019","Starbucks","STARBUCKS","25.00","debit","Coffee Shops","CapitalOne Quicksilver One","",""
"6/04/2019","TST* TATTE BAKERY","TST* TATTE BAKERY","6.35","debit","Restaurants","CapitalOne Quicksilver One","",""
"6/04/2019","Netflix","NETFLIX.COM","15.99","debit","Movies & DVDs","CapitalOne Quicksilver One","",""
"6/03/2019","Lyft","LYFT   *RIDE SUN 9AM","11.88","debit","Rental Car & Taxi","CapitalOne Quicksilver One","",""
"6/03/2019","TST* TATTE BAKERY - SU","TST* TATTE BAKERY - SU","5.35","debit","Restaurants","CapitalOne Quicksilver One","",""
"6/03/2019","Lyft","LYFT   *RIDE SUN 6PM","14.28","debit","Rental Car & Taxi","CapitalOne Quicksilver One","",""
"6/03/2019","TST* TATTE BAKERY BROA","TST* TATTE BAKERY BROA","6.35","debit","Restaurants","CapitalOne Quicksilver One","",""
"6/03/2019","GSUITE_ponti.i","GOOGLE *GSUITE_ponti.i","5.31","debit","Electronics & Software","CapitalOne Quicksilver One","",""
"6/03/2019","COOLIDGE TSYS - E-COM","COOLIDGE TSYS - E-COM","32.00","debit","Gift","CapitalOne Quicksilver One","",""
"6/03/2019","MBTA MTICKET","MBTA MTICKET","22.50","debit","Public Transportation","CapitalOne Quicksilver One","",""
"6/03/2019","Amazon web services","Amazon web services","1.41","debit","Electronics & Software","CapitalOne Quicksilver One","",""
"6/03/2019","SQU*JAHO COFFEE RO","SQU*SQ *JAHO COFFEE RO","2.68","debit","Coffee Shops","CapitalOne Quicksilver One","",""
"6/01/2019","MBTA MTICKET","MBTA MTICKET","2.25","debit","Public Transportation","CapitalOne Quicksilver One","",""
"6/01/2019","TST* TATTE BAKERY","TST* TATTE BAKERY","17.78","debit","Restaurants","CapitalOne Quicksilver One","",""
"5/31/2019","Santander","SANTANDER","833.15","credit","Income","CapitalOne 360 Checking","",""
"5/31/2019","Monthly Interest Paid","Monthly Interest Paid","2.07","credit","Interest Income","CapitalOne 360 Checking","",""
"5/31/2019","Monthly Interest Paid","Monthly Interest Paid","1.09","credit","Interest Income","CapitalOne 360 Money Market","",""
"5/30/2019","ATM Deposit (Check)","ATM Deposit (Check)","3288.14","credit","Income","CapitalOne 360 Checking","",""
"5/30/2019","Capital One","Capital One 360","10000.00","debit","Financial","CapitalOne 360 Checking","",""
"5/30/2019","Capital One 360","Capital One 360","10000.00","credit","Credit Card Payment","CapitalOne 360 Money Market","",""
"5/27/2019","CAPITAL ONE MOBILE payment AuthDate 27-M ay","CAPITAL ONE MOBILE PYMT AuthDate 27-M ay","268.52","credit","Credit Card Payment","CapitalOne Quicksilver One","",""
"5/24/2019","Zipcar","ZIPCAR INC.","9.00","debit","Rental Car & Taxi","CapitalOne Quicksilver One","",""
"5/21/2019","Lyft","LYFT   *RIDE SUN 4PM","16.37","debit","Rental Car & Taxi","CapitalOne Quicksilver One","",""
"5/21/2019","ATOM TICKETS, LLC","ATOM TICKETS, LLC","31.50","debit","Movies & DVDs","CapitalOne Quicksilver One","",""
"5/20/2019","Lyft","LYFT   *RIDE SAT 8PM","24.33","debit","Rental Car & Taxi","CapitalOne Quicksilver One","",""
"5/20/2019","LinkedIn","LINKEDIN-465*1639963","31.86","debit","Business Services","CapitalOne Quicksilver One","",""
"5/18/2019","Lyft","LYFT   *RIDE FRI 5PM","20.35","debit","Rental Car & Taxi","CapitalOne Quicksilver One","",""
"5/17/2019","Lyft","LYFT   *RIDE WED 9PM","27.01","debit","Rental Car & Taxi","CapitalOne Quicksilver One","",""
"5/15/2019","Lyft","LYFT   *RIDE MON 6PM","20.33","debit","Rental Car & Taxi","CapitalOne Quicksilver One","",""
"5/13/2019","Exxon","EXXONMOBIL    97423966","53.01","debit","Gas & Fuel","CapitalOne Quicksilver One","",""
"5/11/2019","Starbucks","STARBUCKS","25.00","debit","Coffee Shops","CapitalOne Quicksilver One","",""
"5/11/2019","McDonald's","MCDONALD'S F5529","9.76","debit","Fast Food","CapitalOne Quicksilver One","",""
"5/09/2019","CAPITAL ONE MOBILE payment AuthDate 09-M ay","CAPITAL ONE MOBILE PYMT AuthDate 09-M ay","16.70","credit","Credit Card Payment","CapitalOne Quicksilver One","",""
"5/08/2019","AMK CAP1 BOSTON SEAPOR","AMK CAP1 BOSTON SEAPOR","2.96","debit","Fast Food","CapitalOne 360 Checking","",""
"5/07/2019","Stockx","StockX","87.50","credit","Income","CapitalOne 360 Checking","",""
"5/07/2019","Stockx","StockX","88.38","credit","Income","CapitalOne 360 Checking","",""
"5/07/2019","Spotify","Spotify USA","9.99","debit","Music","CapitalOne Quicksilver One","",""
"5/06/2019","ATM Deposit (Check)","ATM Deposit (Check)","121.00","credit","Income","CapitalOne 360 Checking","",""
"12/12/2018","The Cantab Lounge","The Cantab Lounge","14.00","debit","Alcohol & Bars","Cash","",""
